ID,duration,wav,start,stop,spk_id
non-neutral-male--bpubdl03--segment443,2.49,../../data/train/bpubdl03_segment443_non-neutral-male.wav,0,39840,non-neutral-male
neutral--bpubdl11--segment188,3.18,../../data/train/bpubdl11_segment188_neutral.wav,0,50880,neutral
neutral--bfammn08--segment233,2.917,../../data/train/bfammn08_segment233_neutral.wav,0,46672,neutral
neutral--bfamcv05--segment200,2.374,../../data/train/bfamcv05_segment200_neutral.wav,0,37984,neutral
neutral--bfamdl13--segment226,9.246,../../data/train/bfamdl13_segment226_neutral.wav,0,147936,neutral
neutral--bpubdl07--segment771,2.09,../../data/train/bpubdl07_segment771_neutral.wav,0,33440,neutral
neutral--bfamdl24--segment278,3.194,../../data/train/bfamdl24_segment278_neutral.wav,0,51104,neutral
neutral--bfamdl34--segment105,7.507,../../data/train/bfamdl34_segment105_neutral.wav,0,120112,neutral
neutral--bfamcv02--segment252,5.835,../../data/train/bfamcv02_segment252_neutral.wav,0,93360,neutral
non-neutral-male--bfamcv12--segment317,4.198,../../data/train/bfamcv12_segment317_non-neutral-male.wav,0,67168,non-neutral-male
non-neutral-female--bfamcv28--segment331,2.93,../../data/train/bfamcv28_segment331_non-neutral-female.wav,0,46880,non-neutral-female
neutral--bpubdl08--segment283,2.213,../../data/train/bpubdl08_segment283_neutral.wav,0,35408,neutral
neutral--bfamdl18--segment320,2.243,../../data/train/bfamdl18_segment320_neutral.wav,0,35888,neutral
neutral--bpubdl11--segment322,6.046,../../data/train/bpubdl11_segment322_neutral.wav,0,96736,neutral
neutral--bfamcv09--segment113,2.152,../../data/train/bfamcv09_segment113_neutral.wav,0,34432,neutral
neutral--bfammn22--segment170,3.946,../../data/train/bfammn22_segment170_neutral.wav,0,63136,neutral
neutral--bpubdl04--segment104,8.087,../../data/train/bpubdl04_segment104_neutral.wav,0,129392,neutral
non-neutral-female--bfammn26--segment145,4.302,../../data/train/bfammn26_segment145_non-neutral-female.wav,0,68832,non-neutral-female
neutral--bfamcv07--segment198,2.581,../../data/train/bfamcv07_segment198_neutral.wav,0,41296,neutral
non-neutral-female--bpubcv01--segment136,5.573,../../data/train/bpubcv01_segment136_non-neutral-female.wav,0,89168,non-neutral-female
non-neutral-female--bpubcv01--segment184,3.711,../../data/train/bpubcv01_segment184_non-neutral-female.wav,0,59376,non-neutral-female
neutral--bfamdl17--segment255,3.766,../../data/train/bfamdl17_segment255_neutral.wav,0,60256,neutral
neutral--bpubdl11--segment334,2.913,../../data/train/bpubdl11_segment334_neutral.wav,0,46608,neutral
neutral--bpubcv05--segment125,6.019,../../data/train/bpubcv05_segment125_neutral.wav,0,96304,neutral
neutral--bpubdl10--segment115,6.741,../../data/train/bpubdl10_segment115_neutral.wav,0,107856,neutral
neutral--bfamdl02--segment188,2.36,../../data/train/bfamdl02_segment188_neutral.wav,0,37760,neutral
neutral--bfammn21--segment82,7.428,../../data/train/bfammn21_segment82_neutral.wav,0,118848,neutral
neutral--bfamdl26--segment86,5.708,../../data/train/bfamdl26_segment86_neutral.wav,0,91328,neutral
neutral--bfammn10--segment137,2.977,../../data/train/bfammn10_segment137_neutral.wav,0,47632,neutral
neutral--bfamcv02--segment291,5.806,../../data/train/bfamcv02_segment291_neutral.wav,0,92896,neutral
neutral--bpubdl10--segment202,4.031,../../data/train/bpubdl10_segment202_neutral.wav,0,64496,neutral
non-neutral-female--bfamcv18--segment182,2.309,../../data/train/bfamcv18_segment182_non-neutral-female.wav,0,36944,non-neutral-female
neutral--bfamdl17--segment378,3.342,../../data/train/bfamdl17_segment378_neutral.wav,0,53472,neutral
neutral--bfammn03--segment215,2.504,../../data/train/bfammn03_segment215_neutral.wav,0,40064,neutral
non-neutral-female--bfamdl34--segment374,2.524,../../data/train/bfamdl34_segment374_non-neutral-female.wav,0,40384,non-neutral-female
non-neutral-male--bpubcv01--segment294,7.11,../../data/train/bpubcv01_segment294_non-neutral-male.wav,0,113760,non-neutral-male
neutral--bfamdl32--segment287,3.717,../../data/train/bfamdl32_segment287_neutral.wav,0,59472,neutral
neutral--bfamdl15--segment187,3.999,../../data/train/bfamdl15_segment187_neutral.wav,0,63984,neutral
non-neutral-male--bpubdl07--segment766,2.95,../../data/train/bpubdl07_segment766_non-neutral-male.wav,0,47200,non-neutral-male
neutral--bpubcv02--segment171,2.334,../../data/train/bpubcv02_segment171_neutral.wav,0,37344,neutral
non-neutral-male--bfammn03--segment135,9.336,../../data/train/bfammn03_segment135_non-neutral-male.wav,0,149376,non-neutral-male
neutral--bfamdl21--segment284,2.885,../../data/train/bfamdl21_segment284_neutral.wav,0,46160,neutral
neutral--bfamcv12--segment314,4.107,../../data/train/bfamcv12_segment314_neutral.wav,0,65712,neutral
neutral--bfammn17--segment139,2.562,../../data/train/bfammn17_segment139_neutral.wav,0,40992,neutral
non-neutral-female--bfamcv19--segment207,2.949,../../data/train/bfamcv19_segment207_non-neutral-female.wav,0,47184,non-neutral-female
neutral--bpubcv04--segment200,2.845,../../data/train/bpubcv04_segment200_neutral.wav,0,45520,neutral
neutral--bfamdl21--segment267,2.605,../../data/train/bfamdl21_segment267_neutral.wav,0,41680,neutral
neutral--bfamcv08--segment157,2.42,../../data/train/bfamcv08_segment157_neutral.wav,0,38720,neutral
non-neutral-female--bfamcv28--segment242,3.135,../../data/train/bfamcv28_segment242_non-neutral-female.wav,0,50160,non-neutral-female
neutral--bfamcv09--segment135,2.682,../../data/train/bfamcv09_segment135_neutral.wav,0,42912,neutral
neutral--bfammn32--segment131,6.135,../../data/train/bfammn32_segment131_neutral.wav,0,98160,neutral
neutral--bpubdl10--segment98,2.825,../../data/train/bpubdl10_segment98_neutral.wav,0,45200,neutral
neutral--bfamcv20--segment122,5.324,../../data/train/bfamcv20_segment122_neutral.wav,0,85184,neutral
neutral--bpubdl10--segment99,3.514,../../data/train/bpubdl10_segment99_neutral.wav,0,56224,neutral
neutral--bfammn10--segment219,2.634,../../data/train/bfammn10_segment219_neutral.wav,0,42144,neutral
neutral--bpubdl10--segment87,3.069,../../data/train/bpubdl10_segment87_neutral.wav,0,49104,neutral
non-neutral-male--bfamdl17--segment258,2.202,../../data/train/bfamdl17_segment258_non-neutral-male.wav,0,35232,non-neutral-male
neutral--bfamcv26--segment264,2.236,../../data/train/bfamcv26_segment264_neutral.wav,0,35776,neutral
neutral--bpubdl10--segment234,5.562,../../data/train/bpubdl10_segment234_neutral.wav,0,88992,neutral
non-neutral-male--bfamdl21--segment274,4.92,../../data/train/bfamdl21_segment274_non-neutral-male.wav,0,78720,non-neutral-male
non-neutral-female--bpubcv01--segment208,2.023,../../data/train/bpubcv01_segment208_non-neutral-female.wav,0,32368,non-neutral-female
neutral--bfamdl09--segment421,8.059,../../data/train/bfamdl09_segment421_neutral.wav,0,128944,neutral
neutral--bpubdl04--segment110,2.31,../../data/train/bpubdl04_segment110_neutral.wav,0,36960,neutral
neutral--bpubcv07--segment274,2.57,../../data/train/bpubcv07_segment274_neutral.wav,0,41120,neutral
non-neutral-male--bfamcv01--segment191,2.562,../../data/train/bfamcv01_segment191_non-neutral-male.wav,0,40992,non-neutral-male
neutral--bfamcv19--segment135,12.538,../../data/train/bfamcv19_segment135_neutral.wav,0,200608,neutral
neutral--bfamcv19--segment307,2.712,../../data/train/bfamcv19_segment307_neutral.wav,0,43392,neutral
non-neutral-female--bpubcv09--segment225,2.315,../../data/train/bpubcv09_segment225_non-neutral-female.wav,0,37040,non-neutral-female
neutral--bpubdl01--segment230,4.581,../../data/train/bpubdl01_segment230_neutral.wav,0,73296,neutral
neutral--bpubcv09--segment558,6.715,../../data/train/bpubcv09_segment558_neutral.wav,0,107440,neutral
neutral--bpubdl10--segment171,5.911,../../data/train/bpubdl10_segment171_neutral.wav,0,94576,neutral
neutral--bpubcv03--segment178,4.414,../../data/train/bpubcv03_segment178_neutral.wav,0,70624,neutral
neutral--bfammn10--segment187,5.505,../../data/train/bfammn10_segment187_neutral.wav,0,88080,neutral
neutral--bpubcv01--segment230,2.653,../../data/train/bpubcv01_segment230_neutral.wav,0,42448,neutral
neutral--bpubcv01--segment137,2.706,../../data/train/bpubcv01_segment137_neutral.wav,0,43296,neutral
neutral--bfammn03--segment153,2.502,../../data/train/bfammn03_segment153_neutral.wav,0,40032,neutral
neutral--bpubdl10--segment104,2.213,../../data/train/bpubdl10_segment104_neutral.wav,0,35408,neutral
neutral--bfamdl03--segment113,4.456,../../data/train/bfamdl03_segment113_neutral.wav,0,71296,neutral
neutral--bpubcv07--segment402,5.719,../../data/train/bpubcv07_segment402_neutral.wav,0,91504,neutral
neutral--bfamcv04--segment140,2.676,../../data/train/bfamcv04_segment140_neutral.wav,0,42816,neutral
neutral--bfamcv09--segment388,11.666,../../data/train/bfamcv09_segment388_neutral.wav,0,186656,neutral
neutral--bpubdl08--segment274,3.472,../../data/train/bpubdl08_segment274_neutral.wav,0,55552,neutral
neutral--bfamcv08--segment165,3.471,../../data/train/bfamcv08_segment165_neutral.wav,0,55536,neutral
non-neutral-female--bfamcv02--segment110,2.498,../../data/train/bfamcv02_segment110_non-neutral-female.wav,0,39968,non-neutral-female
neutral--bfammn16--segment99,2.672,../../data/train/bfammn16_segment99_neutral.wav,0,42752,neutral
non-neutral-female--bfamdl26--segment133,2.352,../../data/train/bfamdl26_segment133_non-neutral-female.wav,0,37632,non-neutral-female
neutral--bpubdl09--segment137,2.721,../../data/train/bpubdl09_segment137_neutral.wav,0,43536,neutral
neutral--bfamdl15--segment127,5.805,../../data/train/bfamdl15_segment127_neutral.wav,0,92880,neutral
neutral--bfamcv12--segment318,4.493,../../data/train/bfamcv12_segment318_neutral.wav,0,71888,neutral
neutral--bpubcv04--segment203,2.032,../../data/train/bpubcv04_segment203_neutral.wav,0,32512,neutral
non-neutral-female--bfammn22--segment193,3.317,../../data/train/bfammn22_segment193_non-neutral-female.wav,0,53072,non-neutral-female
neutral--bfamcv11--segment357,2.52,../../data/train/bfamcv11_segment357_neutral.wav,0,40320,neutral
neutral--bfamcv02--segment239,4.469,../../data/train/bfamcv02_segment239_neutral.wav,0,71504,neutral
non-neutral-female--bfammn35--segment142,6.468,../../data/train/bfammn35_segment142_non-neutral-female.wav,0,103488,non-neutral-female
neutral--bfammn10--segment189,4.304,../../data/train/bfammn10_segment189_neutral.wav,0,68864,neutral
neutral--bfamcv29--segment221,2.484,../../data/train/bfamcv29_segment221_neutral.wav,0,39744,neutral
neutral--bpubmn14--segment189,3.708,../../data/train/bpubmn14_segment189_neutral.wav,0,59328,neutral
neutral--bfammn17--segment109,3.349,../../data/train/bfammn17_segment109_neutral.wav,0,53584,neutral
neutral--bfamdl17--segment300,3.262,../../data/train/bfamdl17_segment300_neutral.wav,0,52192,neutral
neutral--bfamcv26--segment204,3.699,../../data/train/bfamcv26_segment204_neutral.wav,0,59184,neutral
non-neutral-female--bpubdl10--segment127,7.684,../../data/train/bpubdl10_segment127_non-neutral-female.wav,0,122944,non-neutral-female
neutral--bpubdl08--segment316,2.51,../../data/train/bpubdl08_segment316_neutral.wav,0,40160,neutral
neutral--bfamdl02--segment202,2.184,../../data/train/bfamdl02_segment202_neutral.wav,0,34944,neutral
non-neutral-male--bfamcv01--segment200,3.33,../../data/train/bfamcv01_segment200_non-neutral-male.wav,0,53280,non-neutral-male
neutral--bpubcv01--segment188,2.298,../../data/train/bpubcv01_segment188_neutral.wav,0,36768,neutral
neutral--bfamdl24--segment289,2.398,../../data/train/bfamdl24_segment289_neutral.wav,0,38368,neutral
non-neutral-male--bpubcv01--segment199,2.803,../../data/train/bpubcv01_segment199_non-neutral-male.wav,0,44848,non-neutral-male
neutral--bpubmn08--segment109,2.683,../../data/train/bpubmn08_segment109_neutral.wav,0,42928,neutral
neutral--bfamdl31--segment709,5.69,../../data/train/bfamdl31_segment709_neutral.wav,0,91040,neutral
neutral--bfamcv15--segment204,2.4,../../data/train/bfamcv15_segment204_neutral.wav,0,38400,neutral
non-neutral-male--bfammn03--segment211,10.914,../../data/train/bfammn03_segment211_non-neutral-male.wav,0,174624,non-neutral-male
neutral--bfammn10--segment272,8.297,../../data/train/bfammn10_segment272_neutral.wav,0,132752,neutral
neutral--bfammn14--segment193,2.121,../../data/train/bfammn14_segment193_neutral.wav,0,33936,neutral
neutral--bpubcv01--segment172,2.334,../../data/train/bpubcv01_segment172_neutral.wav,0,37344,neutral
neutral--bpubmn04--segment141,5.327,../../data/train/bpubmn04_segment141_neutral.wav,0,85232,neutral
non-neutral-female--bfamdl26--segment377,2.674,../../data/train/bfamdl26_segment377_non-neutral-female.wav,0,42784,non-neutral-female
neutral--bpubdl02--segment234,2.012,../../data/train/bpubdl02_segment234_neutral.wav,0,32192,neutral
non-neutral-female--bfammn08--segment231,6.32,../../data/train/bfammn08_segment231_non-neutral-female.wav,0,101120,non-neutral-female
neutral--bfamcv28--segment238,6.635,../../data/train/bfamcv28_segment238_neutral.wav,0,106160,neutral
non-neutral-female--bfamcv09--segment395,2.243,../../data/train/bfamcv09_segment395_non-neutral-female.wav,0,35888,non-neutral-female
neutral--bfamcv16--segment287,6.293,../../data/train/bfamcv16_segment287_neutral.wav,0,100688,neutral
neutral--bfammn14--segment648,2.489,../../data/train/bfammn14_segment648_neutral.wav,0,39824,neutral
neutral--bfamcv08--segment295,2.761,../../data/train/bfamcv08_segment295_neutral.wav,0,44176,neutral
neutral--bfamcv02--segment185,3.729,../../data/train/bfamcv02_segment185_neutral.wav,0,59664,neutral
neutral--bfammn28--segment103,2.755,../../data/train/bfammn28_segment103_neutral.wav,0,44080,neutral
neutral--bfamdl16--segment368,2.118,../../data/train/bfamdl16_segment368_neutral.wav,0,33888,neutral
neutral--bfamcv16--segment270,3.856,../../data/train/bfamcv16_segment270_neutral.wav,0,61696,neutral
neutral--bpubdl07--segment434,2.059,../../data/train/bpubdl07_segment434_neutral.wav,0,32944,neutral
non-neutral-female--bfamcv20--segment108,2.688,../../data/train/bfamcv20_segment108_non-neutral-female.wav,0,43008,non-neutral-female
neutral--bpubcv01--segment291,3.017,../../data/train/bpubcv01_segment291_neutral.wav,0,48272,neutral
neutral--bpubcv04--segment179,2.482,../../data/train/bpubcv04_segment179_neutral.wav,0,39712,neutral
neutral--bfamcv02--segment313,3.427,../../data/train/bfamcv02_segment313_neutral.wav,0,54832,neutral
neutral--bfamcv01--segment163,5.791,../../data/train/bfamcv01_segment163_neutral.wav,0,92656,neutral
neutral--bpubmn14--segment200,2.172,../../data/train/bpubmn14_segment200_neutral.wav,0,34752,neutral
neutral--bfammn17--segment105,4.644,../../data/train/bfammn17_segment105_neutral.wav,0,74304,neutral
neutral--bfammn27--segment275,3.286,../../data/train/bfammn27_segment275_neutral.wav,0,52576,neutral
neutral--bfammn22--segment180,2.003,../../data/train/bfammn22_segment180_neutral.wav,0,32048,neutral
non-neutral-male--bpubcv05--segment245,2.677,../../data/train/bpubcv05_segment245_non-neutral-male.wav,0,42832,non-neutral-male
non-neutral-female--bpubdl10--segment89,2.437,../../data/train/bpubdl10_segment89_non-neutral-female.wav,0,38992,non-neutral-female
non-neutral-female--bfamcv02--segment231,5.286,../../data/train/bfamcv02_segment231_non-neutral-female.wav,0,84576,non-neutral-female
neutral--bpubcv09--segment241,4.661,../../data/train/bpubcv09_segment241_neutral.wav,0,74576,neutral
neutral--bfamcv20--segment106,3.834,../../data/train/bfamcv20_segment106_neutral.wav,0,61344,neutral
neutral--bfamcv16--segment273,2.616,../../data/train/bfamcv16_segment273_neutral.wav,0,41856,neutral
non-neutral-male--bfamdl05--segment396,2.657,../../data/train/bfamdl05_segment396_non-neutral-male.wav,0,42512,non-neutral-male
neutral--bfamdl26--segment379,2.444,../../data/train/bfamdl26_segment379_neutral.wav,0,39104,neutral
neutral--bpubdl01--segment240,2.996,../../data/train/bpubdl01_segment240_neutral.wav,0,47936,neutral
neutral--bfamcv02--segment204,3.398,../../data/train/bfamcv02_segment204_neutral.wav,0,54368,neutral
neutral--bfammn17--segment140,2.017,../../data/train/bfammn17_segment140_neutral.wav,0,32272,neutral
neutral--bfammn33--segment287,2.488,../../data/train/bfammn33_segment287_neutral.wav,0,39808,neutral
non-neutral-male--bfamcv26--segment290,2.039,../../data/train/bfamcv26_segment290_non-neutral-male.wav,0,32624,non-neutral-male
neutral--bpubcv05--segment120,5.564,../../data/train/bpubcv05_segment120_neutral.wav,0,89024,neutral
neutral--bfammn08--segment230,3.032,../../data/train/bfammn08_segment230_neutral.wav,0,48512,neutral
neutral--bpubdl11--segment209,6.426,../../data/train/bpubdl11_segment209_neutral.wav,0,102816,neutral
neutral--bpubdl07--segment763,2.91,../../data/train/bpubdl07_segment763_neutral.wav,0,46560,neutral
neutral--bfammn02--segment105,2.246,../../data/train/bfammn02_segment105_neutral.wav,0,35936,neutral
neutral--bfamdl31--segment577,2.74,../../data/train/bfamdl31_segment577_neutral.wav,0,43840,neutral
neutral--bfammn22--segment210,5.61,../../data/train/bfammn22_segment210_neutral.wav,0,89760,neutral
neutral--bpubcv04--segment162,2.075,../../data/train/bpubcv04_segment162_neutral.wav,0,33200,neutral
non-neutral-female--bfamcv29--segment260,6.982,../../data/train/bfamcv29_segment260_non-neutral-female.wav,0,111712,non-neutral-female
neutral--bfamcv04--segment99,2.3510625,../../data/train/bfamcv04_segment99_neutral.wav,0,37617,neutral
neutral--bfammn03--segment151,3.098,../../data/train/bfammn03_segment151_neutral.wav,0,49568,neutral
non-neutral-female--bfamcv04--segment161,4.135,../../data/train/bfamcv04_segment161_non-neutral-female.wav,0,66160,non-neutral-female
neutral--bfamcv17--segment170,10.909,../../data/train/bfamcv17_segment170_neutral.wav,0,174544,neutral
non-neutral-male--bfammn03--segment144,6.091,../../data/train/bfammn03_segment144_non-neutral-male.wav,0,97456,non-neutral-male
neutral--bpubcv02--segment120,2.533,../../data/train/bpubcv02_segment120_neutral.wav,0,40528,neutral
neutral--bfamcv19--segment206,2.496,../../data/train/bfamcv19_segment206_neutral.wav,0,39936,neutral
neutral--bfammn03--segment98,2.284,../../data/train/bfammn03_segment98_neutral.wav,0,36544,neutral
non-neutral-female--bfamdl13--segment222,4.762,../../data/train/bfamdl13_segment222_non-neutral-female.wav,0,76192,non-neutral-female
neutral--bpubmn14--segment98,5.607,../../data/train/bpubmn14_segment98_neutral.wav,0,89712,neutral
neutral--bpubdl07--segment228,2.03,../../data/train/bpubdl07_segment228_neutral.wav,0,32480,neutral
neutral--bpubdl11--segment364,5.689,../../data/train/bpubdl11_segment364_neutral.wav,0,91024,neutral
neutral--bfammn22--segment202,2.084,../../data/train/bfammn22_segment202_neutral.wav,0,33344,neutral
neutral--bpubcv01--segment224,8.621,../../data/train/bpubcv01_segment224_neutral.wav,0,137936,neutral
neutral--bfamcv01--segment194,3.529,../../data/train/bfamcv01_segment194_neutral.wav,0,56464,neutral
neutral--bpubcv02--segment103,3.899,../../data/train/bpubcv02_segment103_neutral.wav,0,62384,neutral
neutral--bpubcv03--segment191,2.172,../../data/train/bpubcv03_segment191_neutral.wav,0,34752,neutral
neutral--bfammn16--segment268,2.168,../../data/train/bfammn16_segment268_neutral.wav,0,34688,neutral
neutral--bfamdl24--segment156,2.329,../../data/train/bfamdl24_segment156_neutral.wav,0,37264,neutral
neutral--bfammn02--segment82,4.38,../../data/train/bfammn02_segment82_neutral.wav,0,70080,neutral
neutral--bpubdl03--segment467,2.18,../../data/train/bpubdl03_segment467_neutral.wav,0,34880,neutral
neutral--bfamcv08--segment299,3.873,../../data/train/bfamcv08_segment299_neutral.wav,0,61968,neutral
neutral--bpubmn14--segment95,8.254,../../data/train/bpubmn14_segment95_neutral.wav,0,132064,neutral
neutral--bpubcv04--segment169,2.061,../../data/train/bpubcv04_segment169_neutral.wav,0,32976,neutral
neutral--bfammn10--segment149,4.671,../../data/train/bfammn10_segment149_neutral.wav,0,74736,neutral
neutral--bpubdl01--segment233,6.373,../../data/train/bpubdl01_segment233_neutral.wav,0,101968,neutral
neutral--bfamdl26--segment382,3.168,../../data/train/bfamdl26_segment382_neutral.wav,0,50688,neutral
neutral--bfammn02--segment122,2.103,../../data/train/bfammn02_segment122_neutral.wav,0,33648,neutral
neutral--bfamcv28--segment220,2.471,../../data/train/bfamcv28_segment220_neutral.wav,0,39536,neutral
neutral--bfamcv22--segment272,4.798,../../data/train/bfamcv22_segment272_neutral.wav,0,76768,neutral
neutral--bpubcv07--segment189,2.984,../../data/train/bpubcv07_segment189_neutral.wav,0,47744,neutral
neutral--bpubdl02--segment233,2.754,../../data/train/bpubdl02_segment233_neutral.wav,0,44064,neutral
neutral--bfamdl08--segment248,3.34,../../data/train/bfamdl08_segment248_neutral.wav,0,53440,neutral
neutral--bpubcv06--segment223,5.681,../../data/train/bpubcv06_segment223_neutral.wav,0,90896,neutral
neutral--bfammn12--segment196,2.77,../../data/train/bfammn12_segment196_neutral.wav,0,44320,neutral
neutral--bpubmn14--segment188,2.572,../../data/train/bpubmn14_segment188_neutral.wav,0,41152,neutral
neutral--bpubdl10--segment235,8.038,../../data/train/bpubdl10_segment235_neutral.wav,0,128608,neutral
non-neutral-female--bpubcv09--segment557,3.61,../../data/train/bpubcv09_segment557_non-neutral-female.wav,0,57760,non-neutral-female
neutral--bfamcv26--segment268,3.299,../../data/train/bfamcv26_segment268_neutral.wav,0,52784,neutral
neutral--bfamcv02--segment206,2.161,../../data/train/bfamcv02_segment206_neutral.wav,0,34576,neutral
non-neutral-female--bfamcv32--segment239,2.018,../../data/train/bfamcv32_segment239_non-neutral-female.wav,0,32288,non-neutral-female
non-neutral-female--bpubcv09--segment499,2.5170625,../../data/train/bpubcv09_segment499_non-neutral-female.wav,0,40273,non-neutral-female
non-neutral-male--bpubdl07--segment522,4.457,../../data/train/bpubdl07_segment522_non-neutral-male.wav,0,71312,non-neutral-male
neutral--bfamcv02--segment258,2.403,../../data/train/bfamcv02_segment258_neutral.wav,0,38448,neutral
neutral--bpubcv01--segment201,2.163,../../data/train/bpubcv01_segment201_neutral.wav,0,34608,neutral
neutral--bpubcv09--segment363,2.06,../../data/train/bpubcv09_segment363_neutral.wav,0,32960,neutral
neutral--bfammn27--segment279,2.533,../../data/train/bfammn27_segment279_neutral.wav,0,40528,neutral
non-neutral-female--bfammn14--segment650,3.02,../../data/train/bfammn14_segment650_non-neutral-female.wav,0,48320,non-neutral-female
non-neutral-female--bfamdl26--segment375,2.975,../../data/train/bfamdl26_segment375_non-neutral-female.wav,0,47600,non-neutral-female
neutral--bpubdl08--segment262,3.895,../../data/train/bpubdl08_segment262_neutral.wav,0,62320,neutral
neutral--bfamcv28--segment240,2.319,../../data/train/bfamcv28_segment240_neutral.wav,0,37104,neutral
neutral--bfamcv22--segment276,2.711,../../data/train/bfamcv22_segment276_neutral.wav,0,43376,neutral
neutral--bpubmn10--segment83,4.282,../../data/train/bpubmn10_segment83_neutral.wav,0,68512,neutral
neutral--bfamcv19--segment278,7.445,../../data/train/bfamcv19_segment278_neutral.wav,0,119120,neutral
neutral--bfamcv32--segment251,2.904,../../data/train/bfamcv32_segment251_neutral.wav,0,46464,neutral
non-neutral-male--bfamcv05--segment271,2.407,../../data/train/bfamcv05_segment271_non-neutral-male.wav,0,38512,non-neutral-male
neutral--bfammn21--segment81,3.47,../../data/train/bfammn21_segment81_neutral.wav,0,55520,neutral
neutral--bfamdl18--segment328,3.739,../../data/train/bfamdl18_segment328_neutral.wav,0,59824,neutral
non-neutral-female--bfammn02--segment90,3.181,../../data/train/bfammn02_segment90_non-neutral-female.wav,0,50896,non-neutral-female
neutral--bfamcv02--segment202,2.789,../../data/train/bfamcv02_segment202_neutral.wav,0,44624,neutral
neutral--bpubcv01--segment176,2.02,../../data/train/bpubcv01_segment176_neutral.wav,0,32320,neutral
non-neutral-female--bfamdl29--segment130,2.589,../../data/train/bfamdl29_segment130_non-neutral-female.wav,0,41424,non-neutral-female
neutral--bfammn16--segment95,3.139,../../data/train/bfammn16_segment95_neutral.wav,0,50224,neutral
neutral--bpubdl11--segment368,3.254,../../data/train/bpubdl11_segment368_neutral.wav,0,52064,neutral
neutral--bfamdl09--segment429,2.239,../../data/train/bfamdl09_segment429_neutral.wav,0,35824,neutral
non-neutral-female--bfammn18--segment107,10.65,../../data/train/bfammn18_segment107_non-neutral-female.wav,0,170400,non-neutral-female
neutral--bpubdl09--segment131,2.848,../../data/train/bpubdl09_segment131_neutral.wav,0,45568,neutral
neutral--bpubdl09--segment155,2.621,../../data/train/bpubdl09_segment155_neutral.wav,0,41936,neutral
neutral--bfamcv17--segment171,2.727,../../data/train/bfamcv17_segment171_neutral.wav,0,43632,neutral
neutral--bfamdl03--segment124,2.056,../../data/train/bfamdl03_segment124_neutral.wav,0,32896,neutral
neutral--bpubdl11--segment367,2.186,../../data/train/bpubdl11_segment367_neutral.wav,0,34976,neutral
non-neutral-male--bfammn27--segment276,2.72,../../data/train/bfammn27_segment276_non-neutral-male.wav,0,43520,non-neutral-male
neutral--bfammn22--segment162,12.093,../../data/train/bfammn22_segment162_neutral.wav,0,193488,neutral
neutral--bfammn17--segment137,3.615,../../data/train/bfammn17_segment137_neutral.wav,0,57840,neutral
neutral--bfamcv01--segment181,2.217,../../data/train/bfamcv01_segment181_neutral.wav,0,35472,neutral
neutral--bfamcv04--segment153,5.955,../../data/train/bfamcv04_segment153_neutral.wav,0,95280,neutral
neutral--bfammn14--segment188,3.399,../../data/train/bfammn14_segment188_neutral.wav,0,54384,neutral
neutral--bpubcv02--segment99,2.761,../../data/train/bpubcv02_segment99_neutral.wav,0,44176,neutral
neutral--bpubmn01--segment87,13.237,../../data/train/bpubmn01_segment87_neutral.wav,0,211792,neutral
non-neutral-female--bfamcv02--segment200,3.529,../../data/train/bfamcv02_segment200_non-neutral-female.wav,0,56464,non-neutral-female
neutral--bfamcv04--segment203,2.934,../../data/train/bfamcv04_segment203_neutral.wav,0,46944,neutral
non-neutral-female--bpubmn01--segment81,11.246,../../data/train/bpubmn01_segment81_non-neutral-female.wav,0,179936,non-neutral-female
neutral--bpubdl10--segment188,2.429,../../data/train/bpubdl10_segment188_neutral.wav,0,38864,neutral
neutral--bfamcv01--segment173,2.524,../../data/train/bfamcv01_segment173_neutral.wav,0,40384,neutral
neutral--bfammn22--segment159,10.203,../../data/train/bfammn22_segment159_neutral.wav,0,163248,neutral
non-neutral-female--bfammn16--segment257,2.858,../../data/train/bfammn16_segment257_non-neutral-female.wav,0,45728,non-neutral-female
neutral--bpubdl11--segment208,2.038,../../data/train/bpubdl11_segment208_neutral.wav,0,32608,neutral
neutral--bfammn35--segment148,7.138,../../data/train/bfammn35_segment148_neutral.wav,0,114208,neutral
neutral--bpubdl08--segment252,3.112,../../data/train/bpubdl08_segment252_neutral.wav,0,49792,neutral
neutral--bfammn16--segment264,2.404,../../data/train/bfammn16_segment264_neutral.wav,0,38464,neutral
non-neutral-female--bfamdl21--segment217,5.764,../../data/train/bfamdl21_segment217_non-neutral-female.wav,0,92224,non-neutral-female
neutral--bfamcv02--segment259,2.02,../../data/train/bfamcv02_segment259_neutral.wav,0,32320,neutral
neutral--bpubdl07--segment231,3.861,../../data/train/bpubdl07_segment231_neutral.wav,0,61776,neutral
non-neutral-male--bfamdl31--segment571,2.33,../../data/train/bfamdl31_segment571_non-neutral-male.wav,0,37280,non-neutral-male
neutral--bfamcv04--segment423,2.59,../../data/train/bfamcv04_segment423_neutral.wav,0,41440,neutral
neutral--bfamdl21--segment276,2.673,../../data/train/bfamdl21_segment276_neutral.wav,0,42768,neutral
non-neutral-male--bfamcv03--segment227,3.077,../../data/train/bfamcv03_segment227_non-neutral-male.wav,0,49232,non-neutral-male
neutral--bfamcv28--segment328,5.439,../../data/train/bfamcv28_segment328_neutral.wav,0,87024,neutral
neutral--bfamdl24--segment286,4.616,../../data/train/bfamdl24_segment286_neutral.wav,0,73856,neutral
non-neutral-female--bpubdl11--segment369,2.917,../../data/train/bpubdl11_segment369_non-neutral-female.wav,0,46672,non-neutral-female
neutral--bfamdl02--segment190,2.099,../../data/train/bfamdl02_segment190_neutral.wav,0,33584,neutral
neutral--bpubdl07--segment438,2.431,../../data/train/bpubdl07_segment438_neutral.wav,0,38896,neutral
neutral--bpubdl07--segment523,3.32,../../data/train/bpubdl07_segment523_neutral.wav,0,53120,neutral
neutral--bfamdl13--segment220,3.844,../../data/train/bfamdl13_segment220_neutral.wav,0,61504,neutral
neutral--bpubdl07--segment442,2.116,../../data/train/bpubdl07_segment442_neutral.wav,0,33856,neutral
neutral--bfammn22--segment158,3.611,../../data/train/bfammn22_segment158_neutral.wav,0,57776,neutral
neutral--bpubmn01--segment79,8.442,../../data/train/bpubmn01_segment79_neutral.wav,0,135072,neutral
neutral--bpubdl07--segment526,2.26,../../data/train/bpubdl07_segment526_neutral.wav,0,36160,neutral
non-neutral-female--bfamcv08--segment294,3.734,../../data/train/bfamcv08_segment294_non-neutral-female.wav,0,59744,non-neutral-female
non-neutral-male--bpubcv07--segment194,3.372,../../data/train/bpubcv07_segment194_non-neutral-male.wav,0,53952,non-neutral-male
neutral--bfamcv29--segment261,6.244,../../data/train/bfamcv29_segment261_neutral.wav,0,99904,neutral
non-neutral-male--bfammn21--segment93,3.989,../../data/train/bfammn21_segment93_non-neutral-male.wav,0,63824,non-neutral-male
neutral--bfamcv29--segment214,2.346,../../data/train/bfamcv29_segment214_neutral.wav,0,37536,neutral
neutral--bfammn10--segment214,5.057,../../data/train/bfammn10_segment214_neutral.wav,0,80912,neutral
non-neutral-male--bfamdl09--segment521,2.298,../../data/train/bfamdl09_segment521_non-neutral-male.wav,0,36768,non-neutral-male
neutral--bfamcv28--segment234,2.431,../../data/train/bfamcv28_segment234_neutral.wav,0,38896,neutral
non-neutral-female--bfammn22--segment161,4.395,../../data/train/bfammn22_segment161_non-neutral-female.wav,0,70320,non-neutral-female
neutral--bfammn22--segment203,2.088,../../data/train/bfammn22_segment203_neutral.wav,0,33408,neutral
neutral--bfamdl21--segment221,7.623,../../data/train/bfamdl21_segment221_neutral.wav,0,121968,neutral
neutral--bfammn22--segment184,2.739,../../data/train/bfammn22_segment184_neutral.wav,0,43824,neutral
neutral--bpubcv07--segment401,3.603,../../data/train/bpubcv07_segment401_neutral.wav,0,57648,neutral
neutral--bfamcv19--segment131,2.617,../../data/train/bfamcv19_segment131_neutral.wav,0,41872,neutral
non-neutral-female--bpubcv03--segment120,2.26,../../data/train/bpubcv03_segment120_non-neutral-female.wav,0,36160,non-neutral-female
neutral--bfamcv09--segment394,2.212,../../data/train/bfamcv09_segment394_neutral.wav,0,35392,neutral
neutral--bpubmn12--segment101,5.631,../../data/train/bpubmn12_segment101_neutral.wav,0,90096,neutral
neutral--bpubdl11--segment380,2.634,../../data/train/bpubdl11_segment380_neutral.wav,0,42144,neutral
neutral--bfamcv21--segment162,2.741,../../data/train/bfamcv21_segment162_neutral.wav,0,43856,neutral
neutral--bpubcv02--segment174,3.557,../../data/train/bpubcv02_segment174_neutral.wav,0,56912,neutral
non-neutral-male--bpubdl02--segment247,2.614,../../data/train/bpubdl02_segment247_non-neutral-male.wav,0,41824,non-neutral-male
neutral--bpubdl11--segment185,4.891,../../data/train/bpubdl11_segment185_neutral.wav,0,78256,neutral
neutral--bfamdl17--segment220,2.626,../../data/train/bfamdl17_segment220_neutral.wav,0,42016,neutral
neutral--bfammn22--segment190,5.003,../../data/train/bfammn22_segment190_neutral.wav,0,80048,neutral
non-neutral-female--bfammn32--segment136,2.608,../../data/train/bfammn32_segment136_non-neutral-female.wav,0,41728,non-neutral-female
non-neutral-female--bfammn26--segment88,3.003,../../data/train/bfammn26_segment88_non-neutral-female.wav,0,48048,non-neutral-female
non-neutral-female--bpubcv09--segment231,2.326,../../data/train/bpubcv09_segment231_non-neutral-female.wav,0,37216,non-neutral-female
neutral--bfamcv01--segment195,2.334,../../data/train/bfamcv01_segment195_neutral.wav,0,37344,neutral
neutral--bpubcv01--segment206,2.304,../../data/train/bpubcv01_segment206_neutral.wav,0,36864,neutral
neutral--bfamcv03--segment217,4.031,../../data/train/bfamcv03_segment217_neutral.wav,0,64496,neutral
neutral--bfamcv26--segment230,4.243,../../data/train/bfamcv26_segment230_neutral.wav,0,67888,neutral
neutral--bfamdl29--segment124,6.418,../../data/train/bfamdl29_segment124_neutral.wav,0,102688,neutral
neutral--bfammn10--segment155,2.013,../../data/train/bfammn10_segment155_neutral.wav,0,32208,neutral
neutral--bpubcv03--segment118,2.147,../../data/train/bpubcv03_segment118_neutral.wav,0,34352,neutral
non-neutral-male--bfamcv07--segment195,3.638,../../data/train/bfamcv07_segment195_non-neutral-male.wav,0,58208,non-neutral-male
neutral--bfamcv19--segment250,3.084,../../data/train/bfamcv19_segment250_neutral.wav,0,49344,neutral
neutral--bpubdl07--segment759,2.77,../../data/train/bpubdl07_segment759_neutral.wav,0,44320,neutral
neutral--bfammn36--segment108,3.725,../../data/train/bfammn36_segment108_neutral.wav,0,59600,neutral
neutral--bpubcv03--segment200,5.801,../../data/train/bpubcv03_segment200_neutral.wav,0,92816,neutral
neutral--bfamdl31--segment568,2.56,../../data/train/bfamdl31_segment568_neutral.wav,0,40960,neutral
neutral--bpubdl07--segment353,3.575,../../data/train/bpubdl07_segment353_neutral.wav,0,57200,neutral
neutral--bfammn08--segment227,3.359,../../data/train/bfammn08_segment227_neutral.wav,0,53744,neutral
non-neutral-female--bfamcv28--segment225,4.523,../../data/train/bfamcv28_segment225_non-neutral-female.wav,0,72368,non-neutral-female
non-neutral-male--bfamdl31--segment707,2.28,../../data/train/bfamdl31_segment707_non-neutral-male.wav,0,36480,non-neutral-male
neutral--bpubdl08--segment254,2.302,../../data/train/bpubdl08_segment254_neutral.wav,0,36832,neutral
non-neutral-female--bfammn22--segment177,2.767,../../data/train/bfammn22_segment177_non-neutral-female.wav,0,44272,non-neutral-female
non-neutral-male--bpubdl09--segment147,3.433,../../data/train/bpubdl09_segment147_non-neutral-male.wav,0,54928,non-neutral-male
neutral--bfamcv03--segment232,2.24,../../data/train/bfamcv03_segment232_neutral.wav,0,35840,neutral
neutral--bpubcv07--segment208,5.528,../../data/train/bpubcv07_segment208_neutral.wav,0,88448,neutral
non-neutral-male--bfammn10--segment211,4.49,../../data/train/bfammn10_segment211_non-neutral-male.wav,0,71840,non-neutral-male
neutral--bfamdl15--segment124,2.696,../../data/train/bfamdl15_segment124_neutral.wav,0,43136,neutral
neutral--bpubdl11--segment187,2.431,../../data/train/bpubdl11_segment187_neutral.wav,0,38896,neutral
non-neutral-female--bpubcv03--segment194,2.673,../../data/train/bpubcv03_segment194_non-neutral-female.wav,0,42768,non-neutral-female
non-neutral-female--bfamcv27--segment248,3.534,../../data/train/bfamcv27_segment248_non-neutral-female.wav,0,56544,non-neutral-female
neutral--bpubdl11--segment331,3.747,../../data/train/bpubdl11_segment331_neutral.wav,0,59952,neutral
neutral--bpubdl09--segment157,2.832,../../data/train/bpubdl09_segment157_neutral.wav,0,45312,neutral
neutral--bfamcv27--segment251,2.628,../../data/train/bfamcv27_segment251_neutral.wav,0,42048,neutral
neutral--bpubcv06--segment142,2.757,../../data/train/bpubcv06_segment142_neutral.wav,0,44112,neutral
neutral--bfammn21--segment79,3.593,../../data/train/bfammn21_segment79_neutral.wav,0,57488,neutral
neutral--bfammn16--segment232,4.439,../../data/train/bfammn16_segment232_neutral.wav,0,71024,neutral
non-neutral-female--bpubdl10--segment203,2.146,../../data/train/bpubdl10_segment203_non-neutral-female.wav,0,34336,non-neutral-female
non-neutral-male--bfamcv21--segment297,4.306,../../data/train/bfamcv21_segment297_non-neutral-male.wav,0,68896,non-neutral-male
non-neutral-male--bpubdl07--segment440,4.233,../../data/train/bpubdl07_segment440_non-neutral-male.wav,0,67728,non-neutral-male
neutral--bfamcv18--segment152,4.5610625,../../data/train/bfamcv18_segment152_neutral.wav,0,72977,neutral
neutral--bfamcv26--segment284,3.979,../../data/train/bfamcv26_segment284_neutral.wav,0,63664,neutral
neutral--bfamdl26--segment120,5.555,../../data/train/bfamdl26_segment120_neutral.wav,0,88880,neutral
neutral--bfammn35--segment150,2.5,../../data/train/bfammn35_segment150_neutral.wav,0,40000,neutral
neutral--bpubcv05--segment247,2.582,../../data/train/bpubcv05_segment247_neutral.wav,0,41312,neutral
neutral--bfamcv18--segment166,2.34,../../data/train/bfamcv18_segment166_neutral.wav,0,37440,neutral
neutral--bfammn26--segment93,6.325,../../data/train/bfammn26_segment93_neutral.wav,0,101200,neutral
neutral--bfammn16--segment110,4.648,../../data/train/bfammn16_segment110_neutral.wav,0,74368,neutral
neutral--bfammn02--segment88,4.45,../../data/train/bfammn02_segment88_neutral.wav,0,71200,neutral
neutral--bfammn03--segment90,2.237,../../data/train/bfammn03_segment90_neutral.wav,0,35792,neutral
neutral--bfamdl29--segment127,3.372,../../data/train/bfamdl29_segment127_neutral.wav,0,53952,neutral
neutral--bpubcv01--segment146,2.049,../../data/train/bpubcv01_segment146_neutral.wav,0,32784,neutral
neutral--bfamcv21--segment268,2.635,../../data/train/bfamcv21_segment268_neutral.wav,0,42160,neutral
neutral--bfamdl05--segment410,5.942,../../data/train/bfamdl05_segment410_neutral.wav,0,95072,neutral
non-neutral-female--bfamdl15--segment181,2.111,../../data/train/bfamdl15_segment181_non-neutral-female.wav,0,33776,non-neutral-female
non-neutral-male--bfammn16--segment107,2.057,../../data/train/bfammn16_segment107_non-neutral-male.wav,0,32912,non-neutral-male
non-neutral-female--bfamdl26--segment376,3.094,../../data/train/bfamdl26_segment376_non-neutral-female.wav,0,49504,non-neutral-female
non-neutral-female--bpubdl10--segment206,5.383,../../data/train/bpubdl10_segment206_non-neutral-female.wav,0,86128,non-neutral-female
neutral--bpubcv04--segment188,5.74,../../data/train/bpubcv04_segment188_neutral.wav,0,91840,neutral
neutral--bpubdl04--segment127,2.331,../../data/train/bpubdl04_segment127_neutral.wav,0,37296,neutral
neutral--bpubcv04--segment216,2.53,../../data/train/bpubcv04_segment216_neutral.wav,0,40480,neutral
neutral--bpubdl09--segment145,4.011,../../data/train/bpubdl09_segment145_neutral.wav,0,64176,neutral
neutral--bpubcv03--segment116,5.92,../../data/train/bpubcv03_segment116_neutral.wav,0,94720,neutral
non-neutral-female--bfamcv22--segment273,2.087,../../data/train/bfamcv22_segment273_non-neutral-female.wav,0,33392,non-neutral-female
neutral--bpubcv01--segment159,2.79,../../data/train/bpubcv01_segment159_neutral.wav,0,44640,neutral
neutral--bpubcv06--segment224,2.008,../../data/train/bpubcv06_segment224_neutral.wav,0,32128,neutral
neutral--bpubcv05--segment124,2.275,../../data/train/bpubcv05_segment124_neutral.wav,0,36400,neutral
neutral--bfamdl21--segment211,9.553,../../data/train/bfamdl21_segment211_neutral.wav,0,152848,neutral
neutral--bfammn17--segment142,2.065,../../data/train/bfammn17_segment142_neutral.wav,0,33040,neutral
neutral--bfamcv04--segment485,2.846,../../data/train/bfamcv04_segment485_neutral.wav,0,45536,neutral
neutral--bfamdl17--segment381,2.0690625,../../data/train/bfamdl17_segment381_neutral.wav,0,33105,neutral
neutral--bfamcv23--segment94,4.329,../../data/train/bfamcv23_segment94_neutral.wav,0,69264,neutral
neutral--bpubdl10--segment241,2.487,../../data/train/bpubdl10_segment241_neutral.wav,0,39792,neutral
neutral--bpubcv03--segment187,4.074,../../data/train/bpubcv03_segment187_neutral.wav,0,65184,neutral
non-neutral-female--bpubcv09--segment406,3.775,../../data/train/bpubcv09_segment406_non-neutral-female.wav,0,60400,non-neutral-female
non-neutral-female--bpubdl10--segment169,5.101,../../data/train/bpubdl10_segment169_non-neutral-female.wav,0,81616,non-neutral-female
neutral--bpubcv03--segment192,3.073,../../data/train/bpubcv03_segment192_neutral.wav,0,49168,neutral
neutral--bfamcv18--segment180,2.479,../../data/train/bfamcv18_segment180_neutral.wav,0,39664,neutral
neutral--bpubcv04--segment168,2.03,../../data/train/bpubcv04_segment168_neutral.wav,0,32480,neutral
neutral--bfammn33--segment276,2.887,../../data/train/bfammn33_segment276_neutral.wav,0,46192,neutral
neutral--bpubmn01--segment82,2.995,../../data/train/bpubmn01_segment82_neutral.wav,0,47920,neutral
neutral--bfammn03--segment91,4.374,../../data/train/bfammn03_segment91_neutral.wav,0,69984,neutral
neutral--bfamdl31--segment708,3.38,../../data/train/bfamdl31_segment708_neutral.wav,0,54080,neutral
non-neutral-male--bpubdl01--segment330,5.767,../../data/train/bpubdl01_segment330_non-neutral-male.wav,0,92272,non-neutral-male
neutral--bpubcv05--segment241,6.815,../../data/train/bpubcv05_segment241_neutral.wav,0,109040,neutral
non-neutral-female--bfamcv19--segment251,3.928,../../data/train/bfamcv19_segment251_non-neutral-female.wav,0,62848,non-neutral-female
non-neutral-female--bfamdl03--segment115,2.481,../../data/train/bfamdl03_segment115_non-neutral-female.wav,0,39696,non-neutral-female
neutral--bpubcv06--segment147,5.639,../../data/train/bpubcv06_segment147_neutral.wav,0,90224,neutral
neutral--bpubdl01--segment328,3.112,../../data/train/bpubdl01_segment328_neutral.wav,0,49792,neutral
neutral--bpubcv09--segment437,3.832,../../data/train/bpubcv09_segment437_neutral.wav,0,61312,neutral
neutral--bfammn27--segment274,3.99,../../data/train/bfammn27_segment274_neutral.wav,0,63840,neutral
neutral--bfammn10--segment275,2.361,../../data/train/bfammn10_segment275_neutral.wav,0,37776,neutral
neutral--bfamcv28--segment229,2.245,../../data/train/bfamcv28_segment229_neutral.wav,0,35920,neutral
neutral--bfamcv32--segment229,3.838,../../data/train/bfamcv32_segment229_neutral.wav,0,61408,neutral
non-neutral-male--bfamdl24--segment150,2.39,../../data/train/bfamdl24_segment150_non-neutral-male.wav,0,38240,non-neutral-male
non-neutral-male--bfammn10--segment196,4.372,../../data/train/bfammn10_segment196_non-neutral-male.wav,0,69952,non-neutral-male
neutral--bpubcv06--segment232,3.614,../../data/train/bpubcv06_segment232_neutral.wav,0,57824,neutral
neutral--bfamcv29--segment219,2.26,../../data/train/bfamcv29_segment219_neutral.wav,0,36160,neutral
neutral--bfammn12--segment205,7.897,../../data/train/bfammn12_segment205_neutral.wav,0,126352,neutral
neutral--bfamcv26--segment203,2.279,../../data/train/bfamcv26_segment203_neutral.wav,0,36464,neutral
neutral--bpubcv01--segment203,2.06,../../data/train/bpubcv01_segment203_neutral.wav,0,32960,neutral
neutral--bfamdl13--segment229,4.364,../../data/train/bfamdl13_segment229_neutral.wav,0,69824,neutral
neutral--bfammn22--segment172,3.332,../../data/train/bfammn22_segment172_neutral.wav,0,53312,neutral
neutral--bfamdl29--segment184,11.954,../../data/train/bfamdl29_segment184_neutral.wav,0,191264,neutral
non-neutral-male--bfamdl21--segment292,3.647,../../data/train/bfamdl21_segment292_non-neutral-male.wav,0,58352,non-neutral-male
neutral--bfamcv20--segment104,4.983,../../data/train/bfamcv20_segment104_neutral.wav,0,79728,neutral
neutral--bfamcv21--segment190,2.049,../../data/train/bfamcv21_segment190_neutral.wav,0,32784,neutral
neutral--bpubcv07--segment289,2.799,../../data/train/bpubcv07_segment289_neutral.wav,0,44784,neutral
neutral--bfammn03--segment131,2.614,../../data/train/bfammn03_segment131_neutral.wav,0,41824,neutral
neutral--bfammn27--segment277,4.612,../../data/train/bfammn27_segment277_neutral.wav,0,73792,neutral
neutral--bfammn32--segment139,2.805,../../data/train/bfammn32_segment139_neutral.wav,0,44880,neutral
neutral--bfamdl21--segment214,3.083,../../data/train/bfamdl21_segment214_neutral.wav,0,49328,neutral
neutral--bpubdl11--segment320,3.833,../../data/train/bpubdl11_segment320_neutral.wav,0,61328,neutral
neutral--bpubcv09--segment566,2.087,../../data/train/bpubcv09_segment566_neutral.wav,0,33392,neutral
neutral--bfammn18--segment111,5.859,../../data/train/bfammn18_segment111_neutral.wav,0,93744,neutral
neutral--bfamcv23--segment103,2.032,../../data/train/bfamcv23_segment103_neutral.wav,0,32512,neutral
neutral--bpubmn14--segment79,8.225,../../data/train/bpubmn14_segment79_neutral.wav,0,131600,neutral
neutral--bpubcv04--segment214,3.265,../../data/train/bpubcv04_segment214_neutral.wav,0,52240,neutral
neutral--bfammn03--segment142,3.446,../../data/train/bfammn03_segment142_neutral.wav,0,55136,neutral
non-neutral-female--bpubdl10--segment238,3.704,../../data/train/bpubdl10_segment238_non-neutral-female.wav,0,59264,non-neutral-female
neutral--bfamcv04--segment145,4.867,../../data/train/bfamcv04_segment145_neutral.wav,0,77872,neutral
neutral--bfamcv19--segment143,2.648,../../data/train/bfamcv19_segment143_neutral.wav,0,42368,neutral
neutral--bpubdl07--segment444,6.099,../../data/train/bpubdl07_segment444_neutral.wav,0,97584,neutral
non-neutral-female--bpubcv09--segment395,2.982,../../data/train/bpubcv09_segment395_non-neutral-female.wav,0,47712,non-neutral-female
neutral--bfamcv24--segment253,2.152,../../data/train/bfamcv24_segment253_neutral.wav,0,34432,neutral
neutral--bpubcv04--segment177,2.402,../../data/train/bpubcv04_segment177_neutral.wav,0,38432,neutral
neutral--bfamcv07--segment200,2.262,../../data/train/bfamcv07_segment200_neutral.wav,0,36192,neutral
neutral--bfamcv04--segment149,3.558,../../data/train/bfamcv04_segment149_neutral.wav,0,56928,neutral
neutral--bfamcv29--segment266,2.645,../../data/train/bfamcv29_segment266_neutral.wav,0,42320,neutral
non-neutral-female--bfamcv08--segment161,2.1110625,../../data/train/bfamcv08_segment161_non-neutral-female.wav,0,33777,non-neutral-female
neutral--bfammn03--segment132,2.491,../../data/train/bfammn03_segment132_neutral.wav,0,39856,neutral
non-neutral-female--bfamcv15--segment226,2.087,../../data/train/bfamcv15_segment226_non-neutral-female.wav,0,33392,non-neutral-female
neutral--bfamdl26--segment129,2.778,../../data/train/bfamdl26_segment129_neutral.wav,0,44448,neutral
neutral--bfamdl08--segment260,3.238,../../data/train/bfamdl08_segment260_neutral.wav,0,51808,neutral
neutral--bfammn16--segment240,2.324,../../data/train/bfammn16_segment240_neutral.wav,0,37184,neutral
neutral--bfamcv28--segment336,3.643,../../data/train/bfamcv28_segment336_neutral.wav,0,58288,neutral
non-neutral-female--bfamcv02--segment116,2.781,../../data/train/bfamcv02_segment116_non-neutral-female.wav,0,44496,non-neutral-female
neutral--bfamcv02--segment391,2.277,../../data/train/bfamcv02_segment391_neutral.wav,0,36432,neutral
non-neutral-female--bfamcv02--segment282,3.814,../../data/train/bfamcv02_segment282_non-neutral-female.wav,0,61024,non-neutral-female
neutral--bfamcv29--segment98,3.412,../../data/train/bfamcv29_segment98_neutral.wav,0,54592,neutral
neutral--bfamcv26--segment283,2.093,../../data/train/bfamcv26_segment283_neutral.wav,0,33488,neutral
non-neutral-male--bfamdl24--segment283,4.793,../../data/train/bfamdl24_segment283_non-neutral-male.wav,0,76688,non-neutral-male
neutral--bpubdl02--segment217,2.103,../../data/train/bpubdl02_segment217_neutral.wav,0,33648,neutral
neutral--bpubdl08--segment272,3.003,../../data/train/bpubdl08_segment272_neutral.wav,0,48048,neutral
neutral--bpubdl11--segment164,2.517,../../data/train/bpubdl11_segment164_neutral.wav,0,40272,neutral
non-neutral-female--bfamdl18--segment327,2.399,../../data/train/bfamdl18_segment327_non-neutral-female.wav,0,38384,non-neutral-female
neutral--bpubdl10--segment130,2.812,../../data/train/bpubdl10_segment130_neutral.wav,0,44992,neutral
non-neutral-female--bfamcv17--segment176,3.647,../../data/train/bfamcv17_segment176_non-neutral-female.wav,0,58352,non-neutral-female
neutral--bfamcv04--segment431,4.639,../../data/train/bfamcv04_segment431_neutral.wav,0,74224,neutral
neutral--bfamdl26--segment124,3.482,../../data/train/bfamdl26_segment124_neutral.wav,0,55712,neutral
neutral--bpubdl07--segment507,3.604,../../data/train/bpubdl07_segment507_neutral.wav,0,57664,neutral
neutral--bfammn21--segment85,3.317,../../data/train/bfammn21_segment85_neutral.wav,0,53072,neutral
neutral--bpubdl07--segment819,2.77,../../data/train/bpubdl07_segment819_neutral.wav,0,44320,neutral
neutral--bfamdl03--segment114,4.455,../../data/train/bfamdl03_segment114_neutral.wav,0,71280,neutral
neutral--bpubcv06--segment156,8.545,../../data/train/bpubcv06_segment156_neutral.wav,0,136720,neutral
neutral--bpubdl09--segment129,4.907,../../data/train/bpubdl09_segment129_neutral.wav,0,78512,neutral
non-neutral-female--bfamcv04--segment131,4.497,../../data/train/bfamcv04_segment131_non-neutral-female.wav,0,71952,non-neutral-female
neutral--bpubdl10--segment79,4.664,../../data/train/bpubdl10_segment79_neutral.wav,0,74624,neutral
neutral--bpubdl08--segment281,4.225,../../data/train/bpubdl08_segment281_neutral.wav,0,67600,neutral
neutral--bfamdl17--segment214,3.077,../../data/train/bfamdl17_segment214_neutral.wav,0,49232,neutral
neutral--bfammn35--segment147,8.209,../../data/train/bfammn35_segment147_neutral.wav,0,131344,neutral
neutral--bpubcv01--segment121,7.568,../../data/train/bpubcv01_segment121_neutral.wav,0,121088,neutral
neutral--bpubdl07--segment425,2.174,../../data/train/bpubdl07_segment425_neutral.wav,0,34784,neutral
non-neutral-male--bfamdl17--segment372,2.653,../../data/train/bfamdl17_segment372_non-neutral-male.wav,0,42448,non-neutral-male
neutral--bfamcv01--segment177,3.316,../../data/train/bfamcv01_segment177_neutral.wav,0,53056,neutral
neutral--bpubdl09--segment167,3.713,../../data/train/bpubdl09_segment167_neutral.wav,0,59408,neutral
neutral--bfamcv18--segment168,2.178,../../data/train/bfamcv18_segment168_neutral.wav,0,34848,neutral
neutral--bpubcv01--segment187,2.494,../../data/train/bpubcv01_segment187_neutral.wav,0,39904,neutral
neutral--bpubdl01--segment333,2.979,../../data/train/bpubdl01_segment333_neutral.wav,0,47664,neutral
neutral--bfamcv04--segment187,2.676,../../data/train/bfamcv04_segment187_neutral.wav,0,42816,neutral
non-neutral-female--bfamcv02--segment303,4.611,../../data/train/bfamcv02_segment303_non-neutral-female.wav,0,73776,non-neutral-female
neutral--bfamdl15--segment130,2.542,../../data/train/bfamdl15_segment130_neutral.wav,0,40672,neutral
neutral--bfamcv24--segment258,2.737,../../data/train/bfamcv24_segment258_neutral.wav,0,43792,neutral
neutral--bfamcv02--segment276,2.419,../../data/train/bfamcv02_segment276_neutral.wav,0,38704,neutral
neutral--bpubdl08--segment288,2.087,../../data/train/bpubdl08_segment288_neutral.wav,0,33392,neutral
neutral--bfamdl21--segment278,2.399,../../data/train/bfamdl21_segment278_neutral.wav,0,38384,neutral
neutral--bpubcv09--segment485,4.748,../../data/train/bpubcv09_segment485_neutral.wav,0,75968,neutral
neutral--bfammn28--segment100,3.209,../../data/train/bfammn28_segment100_neutral.wav,0,51344,neutral
neutral--bfammn03--segment150,3.33,../../data/train/bfammn03_segment150_neutral.wav,0,53280,neutral
neutral--bpubcv01--segment303,2.448,../../data/train/bpubcv01_segment303_neutral.wav,0,39168,neutral
neutral--bfammn35--segment145,3.833,../../data/train/bfammn35_segment145_neutral.wav,0,61328,neutral
neutral--bpubdl01--segment237,2.954,../../data/train/bpubdl01_segment237_neutral.wav,0,47264,neutral
non-neutral-female--bfamcv26--segment206,2.243,../../data/train/bfamcv26_segment206_non-neutral-female.wav,0,35888,non-neutral-female
neutral--bfamcv08--segment110,4.654,../../data/train/bfamcv08_segment110_neutral.wav,0,74464,neutral
non-neutral-male--bpubcv07--segment397,2.039,../../data/train/bpubcv07_segment397_non-neutral-male.wav,0,32624,non-neutral-male
neutral--bfamcv23--segment87,4.329,../../data/train/bfamcv23_segment87_neutral.wav,0,69264,neutral
neutral--bpubmn04--segment145,2.31,../../data/train/bpubmn04_segment145_neutral.wav,0,36960,neutral
neutral--bpubdl07--segment399,2.002,../../data/train/bpubdl07_segment399_neutral.wav,0,32032,neutral
neutral--bfamcv08--segment159,2.301,../../data/train/bfamcv08_segment159_neutral.wav,0,36816,neutral
neutral--bfamcv02--segment179,2.241,../../data/train/bfamcv02_segment179_neutral.wav,0,35856,neutral
neutral--bfamcv28--segment247,2.205,../../data/train/bfamcv28_segment247_neutral.wav,0,35280,neutral
neutral--bfamcv04--segment103,2.251,../../data/train/bfamcv04_segment103_neutral.wav,0,36016,neutral
neutral--bpubcv09--segment543,4.84,../../data/train/bpubcv09_segment543_neutral.wav,0,77440,neutral
neutral--bfammn28--segment102,2.228,../../data/train/bfammn28_segment102_neutral.wav,0,35648,neutral
neutral--bfamdl09--segment182,7.201,../../data/train/bfamdl09_segment182_neutral.wav,0,115216,neutral
neutral--bfamdl17--segment369,2.76,../../data/train/bfamdl17_segment369_neutral.wav,0,44160,neutral
non-neutral-female--bfamcv04--segment457,2.847,../../data/train/bfamcv04_segment457_non-neutral-female.wav,0,45552,non-neutral-female
neutral--bfammn17--segment136,3.805,../../data/train/bfammn17_segment136_neutral.wav,0,60880,neutral
non-neutral-male--bfammn03--segment92,11.873,../../data/train/bfammn03_segment92_non-neutral-male.wav,0,189968,non-neutral-male
neutral--bfamdl26--segment93,2.156,../../data/train/bfamdl26_segment93_neutral.wav,0,34496,neutral
neutral--bpubcv06--segment160,3.171,../../data/train/bpubcv06_segment160_neutral.wav,0,50736,neutral
neutral--bpubcv06--segment140,2.264,../../data/train/bpubcv06_segment140_neutral.wav,0,36224,neutral
neutral--bpubmn14--segment92,3.177,../../data/train/bpubmn14_segment92_neutral.wav,0,50832,neutral
neutral--bfamdl32--segment268,4.026,../../data/train/bfamdl32_segment268_neutral.wav,0,64416,neutral
neutral--bfamdl15--segment173,4.896,../../data/train/bfamdl15_segment173_neutral.wav,0,78336,neutral
neutral--bfamcv29--segment198,10.525,../../data/train/bfamcv29_segment198_neutral.wav,0,168400,neutral
neutral--bpubdl09--segment185,2.807,../../data/train/bpubdl09_segment185_neutral.wav,0,44912,neutral
neutral--bpubcv01--segment154,2.097,../../data/train/bpubcv01_segment154_neutral.wav,0,33552,neutral
neutral--bpubcv09--segment218,2.603,../../data/train/bpubcv09_segment218_neutral.wav,0,41648,neutral
non-neutral-female--bfamcv19--segment136,13.346,../../data/train/bfamcv19_segment136_non-neutral-female.wav,0,213536,non-neutral-female
neutral--bfammn35--segment136,2.366,../../data/train/bfammn35_segment136_neutral.wav,0,37856,neutral
non-neutral-male--bfamcv01--segment168,4.704,../../data/train/bfamcv01_segment168_non-neutral-male.wav,0,75264,non-neutral-male
non-neutral-female--bpubdl10--segment88,3.152,../../data/train/bpubdl10_segment88_non-neutral-female.wav,0,50432,non-neutral-female
neutral--bpubdl10--segment123,4.453,../../data/train/bpubdl10_segment123_neutral.wav,0,71248,neutral
neutral--bfamcv12--segment100,4.413,../../data/train/bfamcv12_segment100_neutral.wav,0,70608,neutral
neutral--bfamdl16--segment371,2.055,../../data/train/bfamdl16_segment371_neutral.wav,0,32880,neutral
neutral--bfamcv02--segment388,3.216,../../data/train/bfamcv02_segment388_neutral.wav,0,51456,neutral
neutral--bpubdl02--segment252,4.038,../../data/train/bpubdl02_segment252_neutral.wav,0,64608,neutral
neutral--bpubcv03--segment176,6.377,../../data/train/bpubcv03_segment176_neutral.wav,0,102032,neutral
neutral--bpubcv05--segment249,4.668,../../data/train/bpubcv05_segment249_neutral.wav,0,74688,neutral
neutral--bfammn22--segment208,14.032,../../data/train/bfammn22_segment208_neutral.wav,0,224512,neutral
neutral--bfamcv16--segment285,2.523,../../data/train/bfamcv16_segment285_neutral.wav,0,40368,neutral
non-neutral-female--bfammn17--segment138,2.085,../../data/train/bfammn17_segment138_non-neutral-female.wav,0,33360,non-neutral-female
neutral--bpubdl10--segment129,5.786,../../data/train/bpubdl10_segment129_neutral.wav,0,92576,neutral
neutral--bfammn17--segment156,3.187,../../data/train/bfammn17_segment156_neutral.wav,0,50992,neutral
non-neutral-female--bfamdl26--segment125,3.884,../../data/train/bfamdl26_segment125_non-neutral-female.wav,0,62144,non-neutral-female
neutral--bfamcv02--segment157,2.4,../../data/train/bfamcv02_segment157_neutral.wav,0,38400,neutral
neutral--bfammn10--segment281,3.236,../../data/train/bfammn10_segment281_neutral.wav,0,51776,neutral
neutral--bfammn33--segment277,12.779,../../data/train/bfammn33_segment277_neutral.wav,0,204464,neutral
neutral--bfamdl34--segment112,2.06,../../data/train/bfamdl34_segment112_neutral.wav,0,32960,neutral
neutral--bfamcv29--segment255,3.03,../../data/train/bfamcv29_segment255_neutral.wav,0,48480,neutral
neutral--bpubmn14--segment83,2.854,../../data/train/bpubmn14_segment83_neutral.wav,0,45664,neutral
non-neutral-female--bpubcv09--segment397,3.703,../../data/train/bpubcv09_segment397_non-neutral-female.wav,0,59248,non-neutral-female
neutral--bpubmn08--segment105,9.937,../../data/train/bpubmn08_segment105_neutral.wav,0,158992,neutral
neutral--bpubdl02--segment222,2.643,../../data/train/bpubdl02_segment222_neutral.wav,0,42288,neutral
neutral--bfamdl26--segment131,3.555,../../data/train/bfamdl26_segment131_neutral.wav,0,56880,neutral
neutral--bpubdl10--segment168,2.298,../../data/train/bpubdl10_segment168_neutral.wav,0,36768,neutral
neutral--bpubdl10--segment126,2.587,../../data/train/bpubdl10_segment126_neutral.wav,0,41392,neutral
neutral--bfamdl09--segment422,3.359,../../data/train/bfamdl09_segment422_neutral.wav,0,53744,neutral
neutral--bpubcv09--segment195,2.402,../../data/train/bpubcv09_segment195_neutral.wav,0,38432,neutral
neutral--bpubdl03--segment447,2.21,../../data/train/bpubdl03_segment447_neutral.wav,0,35360,neutral
neutral--bfamcv07--segment190,3.291,../../data/train/bfamcv07_segment190_neutral.wav,0,52656,neutral
neutral--bpubcv08--segment152,2.149,../../data/train/bpubcv08_segment152_neutral.wav,0,34384,neutral
neutral--bpubdl10--segment119,4.147,../../data/train/bpubdl10_segment119_neutral.wav,0,66352,neutral
neutral--bfamdl26--segment94,2.641,../../data/train/bfamdl26_segment94_neutral.wav,0,42256,neutral
non-neutral-female--bfamcv02--segment221,3.957,../../data/train/bfamcv02_segment221_non-neutral-female.wav,0,63312,non-neutral-female
neutral--bfammn10--segment273,2.149,../../data/train/bfammn10_segment273_neutral.wav,0,34384,neutral
non-neutral-female--bpubcv06--segment154,2.268,../../data/train/bpubcv06_segment154_non-neutral-female.wav,0,36288,non-neutral-female
neutral--bfamcv29--segment164,2.013,../../data/train/bfamcv29_segment164_neutral.wav,0,32208,neutral
non-neutral-female--bfammn02--segment109,3.325,../../data/train/bfammn02_segment109_non-neutral-female.wav,0,53200,non-neutral-female
neutral--bfamdl09--segment513,2.88,../../data/train/bfamdl09_segment513_neutral.wav,0,46080,neutral
neutral--bfammn32--segment140,5.118,../../data/train/bfammn32_segment140_neutral.wav,0,81888,neutral
neutral--bpubcv01--segment209,2.189,../../data/train/bpubcv01_segment209_neutral.wav,0,35024,neutral
neutral--bpubcv09--segment528,2.058,../../data/train/bpubcv09_segment528_neutral.wav,0,32928,neutral
non-neutral-female--bfammn17--segment154,3.561,../../data/train/bfammn17_segment154_non-neutral-female.wav,0,56976,non-neutral-female
neutral--bfammn10--segment213,3.239,../../data/train/bfammn10_segment213_neutral.wav,0,51824,neutral
non-neutral-male--bfamcv23--segment97,3.046,../../data/train/bfamcv23_segment97_non-neutral-male.wav,0,48736,non-neutral-male
neutral--bfamcv18--segment176,2.136,../../data/train/bfamcv18_segment176_neutral.wav,0,34176,neutral
neutral--bfammn26--segment94,2.461,../../data/train/bfammn26_segment94_neutral.wav,0,39376,neutral
neutral--bfamcv15--segment387,2.002,../../data/train/bfamcv15_segment387_neutral.wav,0,32032,neutral
non-neutral-female--bpubcv06--segment152,3.187,../../data/train/bpubcv06_segment152_non-neutral-female.wav,0,50992,non-neutral-female
neutral--bfammn16--segment274,6.036,../../data/train/bfammn16_segment274_neutral.wav,0,96576,neutral
neutral--bfamdl17--segment306,2.016,../../data/train/bfamdl17_segment306_neutral.wav,0,32256,neutral
neutral--bpubcv07--segment193,3.313,../../data/train/bpubcv07_segment193_neutral.wav,0,53008,neutral
neutral--bfamcv21--segment208,2.024,../../data/train/bfamcv21_segment208_neutral.wav,0,32384,neutral
neutral--bpubmn12--segment104,6.626,../../data/train/bpubmn12_segment104_neutral.wav,0,106016,neutral
neutral--bfamcv02--segment213,2.561,../../data/train/bfamcv02_segment213_neutral.wav,0,40976,neutral
neutral--bfamcv09--segment114,2.495,../../data/train/bfamcv09_segment114_neutral.wav,0,39920,neutral
neutral--bfamcv19--segment137,4.519,../../data/train/bfamcv19_segment137_neutral.wav,0,72304,neutral
neutral--bfamdl32--segment283,7.237,../../data/train/bfamdl32_segment283_neutral.wav,0,115792,neutral
neutral--bpubcv04--segment159,2.887,../../data/train/bpubcv04_segment159_neutral.wav,0,46192,neutral
neutral--bfamcv18--segment186,2.005,../../data/train/bfamcv18_segment186_neutral.wav,0,32080,neutral
